dni;nombre;apellidos;direccion;telefono;sueldo;hospital_nombre
47000000;Brooke;Simon;P.O. Box 445, 351 Nisi Rd.;087-728-7122;101087;HospitalPascale
47000001;Francis;Roach;104-6462 Ac Avenue;072-872-2310;210234;HospitalKyra
47000002;Quyn;Compton;874-3079 Dui Avenue;097-977-6905;165683;HospitalKyra
47000003;Kyla;Nguyen;Ap #779-9076 Congue, Road;024-945-4889;747928;HospitalEcho
47000004;Lana;Charles;P.O. Box 176, 9812 Libero Av.;092-136-5242;343543;HospitalDennis
47000005;Keegan;Haney;Ap #240-1304 Ridiculus St.;065-373-1232;672102;HospitalDominique
47000006;Regan;Cantu;Ap #246-9085 Lacus. Ave;014-428-9934;888550;HospitalPascale
47000007;Lois;Delaney;477-7444 Nec, Rd.;034-977-8977;875780;HospitalWhilemina
47000008;Christopher;Perez;Ap #601-2786 Magna Av.;065-395-5173;999883;HospitalEmerald
47000009;Hayden;Craft;540-4831 Montes, Rd.;023-286-5632;676081;HospitalClare
47000010;Gil;Baird;Ap #626-3033 Ullamcorper Street;068-736-2641;201251;HospitalDoris
47000011;Yuli;Espinoza;609-1845 Ipsum. Road;086-357-3124;212898;HospitalRoth
47000012;Savannah;Dennis;Ap #112-9144 Senectus Rd.;061-914-1441;674219;HospitalNehru
47000013;Whitney;Calderon;Ap #670-243 Luctus Avenue;031-921-7357;577771;HospitalWhilemina
47000014;Cleo;Alford;329-9967 Cras Rd.;099-674-2385;395108;HospitalAaron
47000015;Timon;Maldonado;5272 Molestie Rd.;066-244-2717;790073;HospitalWilliam
47000016;Shaeleigh;Fields;1793 Integer Road;070-232-3717;272513;HospitalKyra
47000017;Hoyt;Carver;P.O. Box 986, 1622 Suscipit Avenue;040-721-5148;743707;HospitalNehru
47000018;Carissa;Barron;843-9826 Consectetuer Avenue;074-552-4666;661500;HospitalNero
47000019;Hayfa;Livingston;863-913 Aliquet. Rd.;068-756-3537;330753;HospitalEmerald
47000020;Gabriel;Leach;P.O. Box 234, 4589 Justo. Avenue;087-724-7502;744464;HospitalDoris
47000021;Kirk;Howe;P.O. Box 486, 5037 Viverra. Street;060-882-7516;693979;HospitalNero
47000022;Cecilia;Crane;738-4286 Curabitur Rd.;066-831-2495;708737;HospitalKyra
47000023;Shad;Jacobs;P.O. Box 446, 3463 Enim Road;067-931-1827;291145;HospitalAaron
47000024;Orli;Munoz;Ap #934-8597 Tortor Avenue;056-654-3219;955436;HospitalWilliam
47000025;Hunter;Valencia;111-5721 Enim, St.;064-577-0920;946077;HospitalAaron
47000026;Larissa;Fox;4305 Massa. Street;073-057-3735;677655;HospitalDoris
47000027;Zane;Livingston;Ap #653-6932 Metus. Avenue;038-790-3763;767734;HospitalKyra
47000028;Joseph;Mccarty;930-9415 At Street;060-288-8655;604682;HospitalEcho
47000029;Autumn;Taylor;292-5180 Metus. Rd.;055-437-3662;212831;HospitalAlden
47000030;Isadora;Gardner;154-1322 Velit St.;043-465-2576;789796;HospitalAaron
47000031;Blossom;Acevedo;Ap #186-7386 Auctor Road;056-618-6425;597968;HospitalNero
47000032;Tyrone;Daniel;3510 Velit. Road;074-217-3302;226526;HospitalNero
47000033;Austin;Howell;293-280 Dictum Avenue;046-081-9301;846276;HospitalKyra
47000034;Whoopi;Woods;676-7242 Ornare, Av.;043-312-3565;228815;HospitalCecilia
47000035;Buckminster;Mckay;8432 Vitae Rd.;021-118-1060;898388;HospitalEmerald
47000036;Colleen;Carpenter;311-5057 Cubilia St.;014-417-7545;486598;HospitalEmerald
47000037;Tanisha;Reilly;358-8508 Et Rd.;044-438-9847;840520;HospitalNerea
47000038;Gretchen;Avila;Ap #207-7219 Dignissim Rd.;033-273-7592;850702;HospitalAnika
47000039;Yuli;Cook;4791 Vulputate Road;031-024-1574;619910;HospitalNero
47000040;Clementine;Mccoy;1119 Cras Ave;028-528-7669;857381;HospitalEcho
47000041;Todd;Jennings;763-1350 Dui Rd.;060-257-2272;730845;HospitalEcho
47000042;Jessamine;Abbott;895-1469 Quisque Road;092-332-4531;219119;HospitalAnika
47000043;Coby;Sanders;206-2996 Eu Ave;049-271-6776;601356;HospitalCecilia
47000044;Iona;Huff;7142 Tortor Ave;035-170-5717;940615;HospitalAlden
47000045;Jacqueline;Singleton;Ap #647-5501 Natoque Ave;041-984-7428;946879;HospitalPascale
47000046;Quinlan;Petty;691-2298 Non Ave;056-283-6737;197079;HospitalAlden
47000047;Nola;Maddox;494-3974 Nascetur Rd.;035-907-0247;607733;HospitalKennedy
47000048;Cailin;Fry;P.O. Box 589, 611 Non, Ave;031-266-9581;576573;HospitalEcho
47000049;Cameron;Salinas;897-3617 Dolor. Rd.;031-178-1743;837251;HospitalKennedy
47000050;Venus;Tran;Ap #865-5847 Justo. Rd.;091-775-2239;488254;HospitalEmerald
47000051;Edward;Whitaker;P.O. Box 978, 7200 Nunc Road;027-222-7531;976135;HospitalNero
47000052;Silas;Francis;969-5830 Iaculis Ave;059-277-1385;270508;HospitalDoris
47000053;Rhiannon;Key;Ap #891-5141 Gravida Avenue;094-509-4429;918296;HospitalEmerald
47000054;Barbara;Nash;Ap #732-2771 Id St.;092-315-5369;718108;HospitalAnika
47000055;Susan;York;455-1585 Amet Av.;012-453-7462;440050;HospitalKyra
47000056;Savannah;Moses;5470 Mauris, Road;025-031-6767;844517;HospitalRoth
47000057;Myra;Clemons;Ap #850-7172 Ac Rd.;011-565-3875;398280;HospitalNero
47000058;William;Rivas;Ap #714-5464 Morbi Road;057-272-1183;488775;HospitalYuri
47000059;Halee;Vaughan;684-4927 Risus. Road;077-860-7423;624605;HospitalEmerald
47000060;Brett;Benson;P.O. Box 648, 3315 Mauris, Road;032-665-9101;501716;HospitalYuri
47000061;Chantale;Colon;Ap #253-4991 Lacinia. Rd.;002-999-3854;391967;HospitalDennis
47000062;Tate;Guthrie;3978 Nostra, Road;032-264-0278;207684;HospitalKyra
47000063;Brady;Skinner;Ap #382-605 Nullam Rd.;013-447-1174;166686;HospitalNerea
47000064;Kieran;Lindsay;205-9395 Felis, Rd.;044-781-7758;314358;HospitalRoth
47000065;Trevor;Bush;Ap #445-8902 Vestibulum St.;083-956-1172;247082;HospitalEmerald
47000066;Alisa;Gutierrez;239-1023 At St.;043-841-6813;553549;HospitalNerea
47000067;Tanek;Alvarado;545-1615 Vivamus Rd.;097-445-1654;217016;HospitalRoth
47000068;Catherine;Eaton;P.O. Box 394, 1360 Quam Av.;017-624-2210;666509;HospitalDennis
47000069;Charissa;Macias;P.O. Box 349, 7627 Pellentesque Rd.;002-403-8627;858655;HospitalEmerald
47000070;Wayne;Little;Ap #481-439 Nec, St.;036-465-2457;753036;HospitalAnika
47000071;Quemby;Smith;602-1558 Mauris Ave;022-164-7778;376829;HospitalYuri
47000072;Chantale;Tucker;Ap #391-7972 Sapien Rd.;052-389-8265;777066;HospitalNehru
47000073;Ebony;Mathews;P.O. Box 173, 9903 Elit, St.;099-846-5783;657004;HospitalCecilia
47000074;Gil;Pittman;940-305 Integer Ave;019-396-5045;596107;HospitalWilliam
47000075;Jesse;Dickerson;Ap #582-6331 Nec Avenue;044-509-3242;891573;HospitalKennedy
47000076;Thane;Tran;Ap #489-8908 Integer Avenue;081-241-3316;427267;HospitalNehru
47000077;Tucker;Sawyer;Ap #597-8098 Enim Road;046-127-3387;631660;HospitalNehru
47000078;Erica;Curry;720-4191 Fusce Road;086-716-0545;208767;HospitalPascale
47000079;Cullen;Washington;Ap #291-9128 Molestie St.;040-704-3720;114353;HospitalWilliam
47000080;Ahmed;Strickland;Ap #802-2790 Pharetra St.;036-846-4144;712770;HospitalDennis
47000081;Cara;Weiss;8448 Augue St.;021-508-7331;665194;HospitalDoris
47000082;Margaret;Lynn;360-2095 Lacus. St.;060-524-1547;672123;HospitalAlden
47000083;Laurel;Floyd;8718 Auctor, Ave;063-480-3067;634736;HospitalNehru
47000084;Zorita;Gregory;7212 Orci Avenue;043-163-9431;820699;HospitalCecilia
47000085;Addison;Miranda;1805 Curabitur St.;093-427-5370;544783;HospitalPascale
47000086;Alice;Neal;8237 Dui. Av.;001-284-5061;786560;HospitalAnika
47000087;Kennedy;Blanchard;P.O. Box 718, 8111 Nisi Road;087-527-4575;492670;HospitalEcho
47000088;Brenda;Rodgers;375-5392 Nulla Ave;067-782-4170;304768;HospitalNero
47000089;Kermit;Dixon;Ap #695-8933 Dolor Rd.;037-167-2727;575188;HospitalDoris
47000090;Hoyt;Hebert;P.O. Box 190, 4771 Eget, Rd.;055-411-4110;129500;HospitalAnika
47000091;Lester;Marquez;Ap #381-7145 Convallis Road;028-512-6221;468060;HospitalCecilia
47000092;Gisela;Dejesus;291-9971 Et, St.;043-682-8832;390589;HospitalWhilemina
47000093;Mira;Graham;Ap #319-6094 A Avenue;087-128-3372;268519;HospitalNerea
47000094;Dominique;Spears;P.O. Box 340, 1279 Vulputate, Rd.;001-307-8325;622328;HospitalYuri
47000095;Yolanda;Conner;900 Pellentesque Rd.;057-548-5544;609547;HospitalWilliam
47000096;Emerson;Sullivan;Ap #219-7849 Eu St.;068-913-7230;165745;HospitalAlden
47000097;Ian;Merritt;Ap #646-3969 Ornare, Avenue;076-548-4524;979432;HospitalEmerald
47000098;Laura;Nicholson;Ap #207-4282 Urna. Av.;048-057-4118;842957;HospitalAnika
47000099;Caleb;Hendricks;795-1528 In St.;034-514-6413;821525;HospitalPascale
